"Category","default"
0,0
1,0
2,0
3,0
4,0
5,0
6,0
7,0
8,0
9,0
10,0
11,0
12,0
13,0
14,0
15,0
16,0
17,0
18,0
19,0
20,0
21,0
22,0
23,0
24,0
25,0
26,0
27,0
28,0
29,0
30,0
31,0
32,0
33,0
34,0
35,0
36,0
37,0
38,0
39,0
40,0
41,0
42,0
43,0
44,0
45,0
46,0
47,0
48,0
49,0
50,0
51,0
52,0
53,0
54,0
55,0
56,0
57,0
58,0
59,0
60,0
61,0
62,0
63,0
64,0
65,0
66,0
67,0
68,0
69,0
70,0
71,0
72,0
73,0
74,0
75,0
76,0
77,0
78,0
79,0
80,0
81,0
82,0
83,0
84,0
85,0
86,0
87,0
88,0
89,0
90,0
91,0
92,0
93,0
94,0
95,0
96,0
97,0
98,0
99,0
100,0
101,0
102,0
103,0
104,0
105,0
106,0
107,0
108,0
109,0
110,0
111,0
112,0
113,0
114,0
115,0
116,0
117,0
118,0
119,0
120,0
121,0
122,0
123,0
124,0
125,0
126,0
127,0
128,0
129,0
130,0
131,0
132,0
133,0
134,1
135,1
136,1
137,1
138,1
139,1
140,1
141,1
142,1
143,1
144,1
145,1
146,1
147,1
148,2
149,2
150,2
151,2
152,2
153,2
154,3
155,3
156,3
157,3
158,3
159,3
160,4
161,5
162,5
163,5
164,6
165,8
166,8
167,8
168,8
169,8
170,8
171,8
172,9
173,10
174,10
175,10
176,11
177,11
178,11
179,11
180,12
181,12
182,12
183,12
184,12
185,12
186,12
187,13
188,13
189,13
190,13
191,13
192,13
193,13
194,13
195,14
196,14
197,15
198,15
199,15
200,15
201,16
202,16
203,16
204,16
205,17
206,17
207,17
208,17
209,17
210,17
211,17
212,17
213,17
214,18
215,19
216,19
217,19
218,19
219,20
220,20
221,20
222,20
223,20
224,20
225,20
226,20
227,20
228,20
229,21
230,22
231,22
232,22
233,22
234,22
235,22
236,22
237,23
238,23
239,23
240,23
241,23
242,23
243,23
244,23
245,24
246,24
247,24
248,24
249,24
250,25
251,25
252,25
253,26
254,26
255,26
256,26
257,26
258,26
259,26
260,27
261,27
262,27
263,27
264,27
265,28
266,28
267,28
268,28
269,28
270,28
271,28
272,29
273,30
274,30
275,30
276,30
277,30
278,30
279,30
280,30
281,30
282,30
283,31
284,31
285,31
286,31
287,31
288,31
289,31
290,31
291,31
292,31
293,31
294,31
295,31
296,31
297,32
298,32
299,32
300,33
301,33
302,33
303,33
304,33
305,34
306,34
307,34
308,34
309,34
310,34
311,34
312,35
313,35
314,35
315,35
316,35
317,36
318,36
319,37
320,38
321,39
322,40
323,41
324,41
325,41
326,42
327,42
328,42
329,42
330,42
331,44
332,44
333,44
334,44
335,44
336,44
337,46
338,47
339,47
340,48
341,49
342,50
343,50
344,51
345,52
346,52
347,52
348,52
349,52
350,52
351,53
352,53
353,53
354,53
355,53
356,53
357,53
358,56
359,57
360,57
361,57
362,57
363,57
364,57
365,59
366,59
367,59
368,59
369,60
370,60
371,60
372,60
373,61
374,61
375,61
376,61
377,61
378,61
379,61
380,61
381,61
382,61
383,61
384,61
385,62
386,63
387,63
388,63
389,63
390,63
391,63
392,64
393,67
394,67
395,68
396,68
397,69
398,71
399,71
400,71
401,71
402,71
403,71
404,71
405,71
406,72
407,72
408,72
409,73
410,73
411,73
412,74
413,74
414,75
415,75
416,75
417,76
418,77
419,77
420,77
421,77
422,77
423,77
424,77
425,77
426,77
427,77
428,77
429,77
430,77
431,77
432,77
433,78
434,78
435,78
436,78
437,78
438,78
439,78
440,79
441,80
442,80
443,80
444,82
445,82
446,82
447,82
448,82
449,82
450,82
451,82
452,82
453,82
454,82
455,82
456,82
457,82
458,82
459,83
460,84
461,84
462,84
463,85
464,86
465,87
466,87
467,88
468,88
469,89
470,89
471,90
472,91
473,92
474,92
475,92
476,92
477,93
478,93
479,93
480,94
481,94
482,94
483,94
484,95
485,95
486,95
487,97
488,97
489,98
490,98
491,98
492,98
493,99
494,99
495,100
496,100
497,100
498,100
499,100
500,100
501,100
502,100
503,101
504,101
505,102
506,102
507,102
508,102
509,103
510,103
511,103
512,103
513,103
514,103
515,105
516,105
517,105
518,105
519,106
520,107
521,107
522,107
523,107
524,107
525,108
526,108
527,108
528,108
529,108
530,108
531,109
532,110
533,111
534,111
535,111
536,112
537,112
538,112
539,112
540,112
541,112
542,112
543,113
544,113
545,115
546,116
547,116
548,118
549,118
550,118
551,118
552,119
553,119
554,120
555,121
556,121
557,121
558,123
559,124
560,124
561,124
562,124
563,127
564,127
565,128
566,128
567,128
568,129
569,129
570,130
571,130
572,131
573,131
574,131
575,131
576,132
577,132
578,132
579,132
580,132
581,132
582,132
583,132
584,132
585,132
586,132
587,133
588,133
589,134
590,136
591,136
592,136
593,136
594,137
595,137
596,137
597,137
598,139
599,140
600,140
601,140
602,140
603,140
604,140
605,140
606,140
607,140
608,140
609,141
610,141
611,141
612,141
613,142
614,142
615,143
616,144
617,144
618,144
619,145
620,145
621,145
622,145
623,146
624,146
625,146
626,146
627,147
628,148
629,149
630,149
631,150
632,150
633,150
634,150
635,150
636,150
637,150
638,152
639,152
640,152
641,152
642,152
643,152
644,154
645,154
646,154
647,154
648,154
649,154
650,154
651,156
652,156
653,156
654,156
655,156
656,157
657,157
658,157
659,157
660,158
661,159
662,159
663,160
664,160
665,160
666,160
667,160
668,160
669,160
670,160
671,161
672,161
673,161
674,161
675,161
676,161
677,161
678,161
679,163
680,163
681,163
682,163
683,163
684,164
685,164
686,164
687,164
688,164
689,165
690,165
691,165
692,165
693,165
694,166
695,166
696,166
697,166
698,168
699,168
700,168
701,168
702,169
703,170
704,170
705,170
706,170
707,171
708,172
709,172
710,174
711,175
712,175
713,175
714,176
715,176
716,176
717,176
718,176
719,176
720,176
721,176
722,176
723,176
724,177
725,178
726,178
727,178
728,178
729,179
730,180
731,180
732,180
733,181
734,182
735,182
736,182
737,183
738,183
739,183
740,183
741,184
742,185
743,186
744,186
745,186
746,187
747,187
748,189
749,189
750,191
751,191
752,192
753,192
754,192
755,192
756,192
757,192
758,194
759,194
760,195
761,195
762,196
763,197
764,198
765,198
766,200
767,201
768,201
769,202
770,202
771,202
772,203
773,204
774,206
775,206
776,207
777,208
778,208
779,208
780,208
781,209
782,209
783,209
784,211
785,211
786,211
787,211
788,213
789,213
790,213
791,215
792,215
793,215
794,216
795,216
796,216
797,216
798,216
799,216
800,216
801,216
802,216
803,217
804,217
805,218
806,218
807,218
808,220
809,222
810,222
811,222
812,222
813,222
814,223
815,225
816,225
817,225
818,226
819,227
820,227
821,227
822,227
823,228
824,229
825,229
826,229
827,231
828,233
829,234
830,234
831,234
832,234
833,234
834,235
835,235
836,235
837,236
838,236
839,236
840,238
841,238
842,238
843,238
844,238
845,238
846,240
847,242
848,242
849,242
850,243
851,243
852,244
853,245
854,245
855,245
856,245
857,246
858,247
859,247
860,248
861,248
862,249
863,249
864,250
865,250
866,250
867,250
868,250
869,250
870,250
871,251
872,251
873,251
874,253
875,253
876,253
877,253
878,254
879,256
880,257
881,257
882,257
883,257
884,258
885,258
886,258
887,259
888,259
889,260
890,261
891,262
892,262
893,265
894,265
895,265
896,265
897,266
898,266
899,267
900,267
901,267
902,268
903,269
904,270
905,270
906,271
907,271
908,271
909,271
910,271
911,271
912,272
913,273
914,273
915,273
916,273
917,274
918,274
919,275
920,275
921,277
922,278
923,279
924,280
925,280
926,280
927,282
928,282
929,282
930,284
931,284
932,284
933,284
934,287
935,287
936,288
937,289
938,290
939,291
940,292
941,294
942,294
943,294
944,294
945,294
946,295
947,295
948,295
949,296
950,296
951,297
952,298
953,298
954,299
955,299
956,299
957,300
958,304
959,304
960,304
961,305
962,307
963,307
964,307
965,307
966,308
967,308
968,309
969,309
970,310
971,311
972,311
973,311
974,312
975,312
976,312
977,312
978,312
979,312
980,312
981,314
982,314
983,314
984,314
985,314
986,316
987,316
988,316
989,317
990,317
991,317
992,317
993,317
994,317
995,318
996,318
997,319
998,319
999,321
1000,321
1001,321
1002,322
1003,323
1004,323
1005,323
1006,323
1007,324
1008,325
1009,325
1010,325
1011,325
1012,325
1013,326
1014,326
1015,326
1016,326
1017,326
1018,327
1019,328
1020,330
1021,331
1022,332
1023,333
1024,333
1025,333
1026,333
1027,334
1028,334
1029,335
1030,335
1031,336
1032,337
1033,337
1034,337
1035,338
1036,339
1037,339
1038,339
1039,339
1040,339
1041,339
1042,339
1043,339
1044,340
1045,340
1046,341
1047,341
1048,341
1049,341
1050,341
1051,341
1052,341
1053,341
1054,341
1055,343
1056,343
1057,344
1058,346
1059,347
1060,347
1061,348
1062,348
1063,349
1064,350
1065,350
1066,351
1067,351
1068,351
1069,353
1070,354
1071,354
1072,355
1073,355
1074,356
1075,356
1076,357
1077,357
1078,359
1079,360
1080,361
1081,361
1082,362
1083,363
1084,363
1085,363
1086,363
1087,363
1088,365
1089,365
1090,367
1091,368
1092,369
1093,370
1094,370
1095,371
1096,371
1097,371
1098,371
1099,371
1100,374
1101,374
1102,374
1103,374
1104,375
1105,375
1106,376
1107,377
1108,377
1109,378
1110,378
1111,378
1112,379
1113,379
1114,381
1115,383
1116,383
1117,383
1118,383
1119,384
1120,386
1121,386
1122,388
1123,388
1124,389
1125,390
1126,390
1127,390
1128,391
1129,392
1130,392
1131,392
1132,392
1133,392
1134,392
1135,393
1136,393
1137,394
1138,394
1139,395
1140,395
1141,395
1142,397
1143,398
1144,399
1145,399
1146,400
1147,401
1148,401
1149,401
1150,401
1151,402
1152,402
1153,402
1154,402
1155,402
1156,402
1157,402
1158,402
1159,403
1160,403
1161,403
1162,404
1163,405
1164,406
1165,409
1166,409
1167,410
1168,410
1169,410
1170,413
1171,414
1172,414
1173,415
1174,416
1175,417
1176,418
1177,418
1178,418
1179,418
1180,418
1181,418
1182,419
1183,419
1184,419
1185,420
1186,421
1187,423
1188,423
1189,424
1190,426
1191,426
1192,428
1193,428
1194,428
1195,428
1196,429
1197,429
1198,429
1199,430
1200,430
1201,430
1202,430
1203,430
1204,431
1205,431
1206,432
1207,434
1208,434
1209,434
1210,435
1211,436
1212,437
1213,437
1214,438
1215,440
1216,441
1217,441
1218,442
1219,444
1220,445
1221,446
1222,448
1223,449
1224,451
1225,451
1226,451
1227,451
1228,451
1229,451
1230,451
1231,451
1232,451
1233,451
1234,452
1235,452
1236,452
1237,453
1238,453
1239,454
1240,454
1241,456
1242,456
1243,457
1244,457
1245,457
1246,458
1247,460
1248,460
1249,462
1250,462
1251,462
1252,462
1253,462
1254,462
1255,462
1256,462
1257,462
1258,464
1259,466
1260,467
1261,468
1262,469
1263,469
1264,470
1265,471
1266,473
1267,473
1268,473
1269,474
1270,475
1271,475
1272,475
1273,476
1274,477
1275,477
1276,477
1277,477
1278,477
1279,477
1280,477
1281,477
1282,477
1283,477
1284,478
1285,478
1286,480
1287,481
1288,482
1289,482
1290,482
1291,483
1292,483
1293,484
1294,485
1295,485
1296,485
1297,486
1298,486
1299,486
1300,486
1301,486
1302,488
1303,489
1304,490
1305,490
1306,490
1307,490
1308,491
1309,491
1310,492
1311,494
1312,495
1313,496
1314,496
1315,498
1316,499
1317,499
1318,500
1319,500
1320,500
1321,500
1322,503
1323,504
1324,506
1325,507
1326,507
1327,508
1328,508
1329,509
1330,509
1331,510
1332,512
1333,514
1334,515
1335,516
1336,516
1337,518
1338,518
1339,518
1340,519
1341,519
1342,519
1343,521
1344,522
1345,523
1346,523
1347,524
1348,525
1349,525
1350,525
1351,526
1352,526
1353,526
1354,526
1355,526
1356,528
1357,529
1358,531
1359,533
1360,534
1361,534
1362,536
1363,536
1364,536
1365,536
1366,536
1367,537
1368,537
1369,538
1370,540
1371,542
1372,542
1373,543
1374,543
1375,544
1376,546
1377,547
1378,548
1379,548
1380,549
1381,550
1382,550
1383,551
1384,551
1385,551
1386,552
1387,553
1388,554
1389,555
1390,557
1391,557
1392,557
1393,557
1394,557
1395,558
1396,558
1397,558
1398,560
1399,560
1400,560
1401,560
1402,560
1403,561
1404,564
1405,564
1406,565
1407,566
1408,566
1409,568
1410,569
1411,569
1412,571
1413,571
1414,573
1415,573
1416,573
1417,574
1418,575
1419,575
1420,575
1421,575
1422,575
1423,576
1424,577
1425,578
1426,579
1427,579
1428,580
1429,581
1430,582
1431,583
1432,586
1433,587
1434,588
1435,590
1436,590
1437,590
1438,591
1439,591
1440,591
1441,593
1442,593
1443,594
1444,594
1445,595
1446,596
1447,596
1448,597
1449,598
1450,598
1451,598
1452,599
1453,599
1454,599
1455,599
1456,599
1457,599
1458,599
1459,600
1460,600
1461,600
1462,600
1463,603
1464,604
1465,604
1466,605
1467,605
1468,607
1469,607
1470,607
1471,608
1472,608
1473,609
1474,610
1475,610
1476,610
1477,612
1478,613
1479,613
1480,613
1481,614
1482,615
1483,615
1484,615
1485,615
1486,615
1487,615
1488,615
1489,615
1490,615
1491,615
1492,616
1493,617
1494,617
1495,618
1496,618
1497,618
1498,618
1499,618
1500,619
1501,620
1502,620
1503,620
1504,621
1505,621
1506,621
1507,621
1508,621
1509,621
1510,621
1511,621
1512,622
1513,622
1514,622
1515,623
1516,623
1517,623
1518,623
1519,623
1520,623
1521,625
1522,627
1523,627
1524,628
1525,628
1526,629
1527,629
1528,629
1529,629
1530,630
1531,630
1532,630
1533,630
1534,630
1535,630
1536,630
1537,630
1538,631
1539,631
1540,631
1541,631
1542,631
1543,632
1544,633
1545,633
1546,633
1547,633
1548,635
1549,638
1550,639
1551,639
1552,639
1553,640
1554,640
1555,640
1556,640
1557,640
1558,640
1559,640
1560,640
1561,640
1562,641
1563,641
1564,642
1565,642
1566,642
1567,644
1568,644
1569,645
1570,645
1571,646
1572,647
1573,648
1574,649
1575,649
1576,649
1577,649
1578,651
1579,651
1580,652
1581,652
1582,652
1583,653
1584,653
1585,654
1586,655
1587,656
1588,656
1589,658
1590,659
1591,660
1592,660
1593,660
1594,660
1595,661
1596,662
1597,663
1598,665
1599,665
1600,666
1601,667
1602,668
1603,669
1604,670
1605,670
1606,670
1607,670
1608,670
1609,670
1610,670
1611,670
1612,670
1613,670
1614,670
1615,671
1616,671
1617,671
1618,671
1619,672
1620,672
1621,672
1622,672
1623,674
1624,675
1625,676
1626,676
1627,676
1628,676
1629,676
1630,677
1631,677
1632,677
1633,677
1634,677
1635,677
1636,677
1637,677
1638,678
1639,678
1640,678
1641,679
1642,679
1643,679
1644,680
1645,681
1646,681
1647,681
1648,682
1649,682
1650,682
1651,682
1652,682
1653,684
1654,684
1655,684
1656,685
1657,685
1658,685
1659,685
1660,685
1661,686
1662,686
1663,686
1664,687
1665,688
1666,690
1667,693
1668,693
1669,693
1670,693
1671,693
1672,695
1673,696
1674,696
1675,696
1676,696
1677,696
1678,696
1679,696
1680,697
1681,697
1682,697
1683,697
1684,699
1685,700
1686,700
1687,700
1688,700
1689,700
1690,700
1691,700
1692,701
1693,702
1694,703
1695,703
1696,703
1697,704
1698,704
1699,704
1700,706
1701,707
1702,707
1703,707
1704,707
1705,707
1706,707
1707,708
1708,708
1709,708
1710,709
1711,710
1712,710
1713,710
1714,711
1715,712
1716,712
1717,713
1718,714
1719,714
1720,714
1721,714
1722,715
1723,716
1724,717
1725,718
1726,718
1727,719
1728,720
1729,721
1730,721
1731,722
1732,723
1733,723
1734,724
1735,725
1736,725
1737,725
1738,725
1739,725
1740,725
1741,725
1742,726
1743,728
1744,728
1745,728
1746,728
1747,728
1748,728
1749,728
1750,728
1751,729
1752,729
1753,729
1754,729
1755,729
1756,729
1757,730
1758,730
1759,731
1760,732
1761,732
1762,735
1763,736
1764,736
1765,736
1766,736
1767,737
1768,737
1769,737
1770,737
1771,739
1772,740
1773,740
1774,740
1775,740
1776,741
1777,743
1778,744
1779,746
1780,747
1781,747
1782,747
1783,748
1784,748
1785,748
1786,748
1787,748
1788,748
1789,748
1790,750
1791,751
1792,751
1793,751
1794,751
1795,751
1796,751
1797,752
1798,752
1799,754
1800,755
1801,755
1802,755
1803,756
1804,758
1805,759
1806,761
1807,761
1808,761
1809,763
1810,764
1811,764
1812,765
1813,766
1814,766
1815,768
1816,769
1817,770
1818,771
1819,771
1820,771
1821,771
1822,772
1823,775
1824,775
1825,775
1826,775
1827,775
1828,776
1829,777
1830,778
1831,778
1832,779
1833,779
1834,783
1835,785
1836,788
1837,788
1838,788
1839,788
1840,788
1841,788
1842,789
1843,790
1844,790
1845,790
1846,790
1847,790
1848,790
1849,790
1850,790
1851,791
1852,791
1853,791
1854,791
1855,791
1856,793
1857,794
1858,794
1859,794
1860,794
1861,794
1862,794
1863,794
1864,794
1865,794
1866,795
1867,795
1868,795
1869,795
1870,796
1871,796
1872,796
1873,797
1874,797
1875,797
1876,797
1877,798
1878,798
1879,798
1880,798
1881,798
1882,801
1883,802
1884,804
1885,804
1886,804
1887,805
1888,805
1889,806
1890,807
1891,809
1892,809
1893,810
1894,811
1895,811
1896,811
1897,812
1898,812
1899,812
1900,812
1901,812
1902,812
1903,812
1904,813
1905,813
1906,813
1907,814
1908,814
1909,814
1910,814
1911,814
1912,815
1913,815
1914,815
1915,815
1916,815
1917,815
1918,815
1919,816
1920,817
1921,817
1922,817
1923,818
1924,819
1925,819
1926,822
1927,823
1928,823
1929,823
1930,826
1931,828
1932,828
1933,830
1934,830
1935,830
1936,830
1937,830
1938,830
1939,830
1940,831
1941,834
1942,835
1943,837
1944,837
1945,838
1946,839
1947,839
1948,843
1949,843
1950,843
1951,844
1952,845
1953,846
1954,846
1955,846
1956,846
1957,846
1958,847
1959,848
1960,849
1961,849
1962,850
1963,850
1964,851
1965,851
1966,853
1967,853
1968,854
1969,855
1970,855
1971,855
1972,855
1973,856
1974,856
1975,856
1976,856
1977,857
1978,857
1979,859
1980,859
1981,859
1982,861
1983,861
1984,862
1985,862
1986,864
1987,864
1988,864
1989,865
1990,868
1991,869
1992,869
1993,869
1994,870
1995,870
1996,870
1997,871
1998,872
1999,873
2000,874
2001,874
2002,875
2003,875
2004,876
2005,878
2006,879
2007,879
2008,879
2009,880
2010,880
2011,880
2012,880
2013,880
2014,880
2015,880
2016,880
2017,880
2018,880
2019,880
2020,880
2021,881
2022,881
2023,882
2024,883
2025,883
2026,885
2027,885
2028,885
2029,887
2030,887
2031,887
2032,887
2033,889
2034,889
2035,889
2036,890
2037,890
2038,890
2039,890
2040,891
2041,892
2042,892
2043,892
2044,892
2045,893
2046,894
2047,895
2048,895
2049,895
2050,896
2051,897
2052,897
2053,898
2054,899
2055,900
2056,900
2057,902
2058,902
2059,902
2060,902
2061,902
2062,902
2063,902
2064,902
2065,902
2066,902
2067,903
2068,903
2069,903
2070,903
2071,905
2072,908
2073,908
2074,908
2075,908
2076,909
2077,909
2078,909
2079,909
2080,909
2081,909
2082,910
2083,913
2084,913
2085,915
2086,915
2087,915
2088,915
2089,916
2090,916
2091,916
2092,916
2093,916
2094,916
2095,916
2096,916
2097,917
2098,918
2099,918
2100,918
2101,920
2102,920
2103,922
2104,922
2105,922
2106,922
2107,923
2108,923
2109,924
2110,924
2111,924
2112,924
2113,924
2114,925
2115,925
2116,925
2117,925
2118,925
2119,927
2120,927
2121,929
2122,930
2123,930
2124,930
2125,930
2126,931
2127,931
2128,931
2129,932
2130,932
2131,934
2132,934
2133,934
2134,935
2135,935
2136,935
2137,935
2138,936
2139,936
2140,937
2141,937
2142,939
2143,940
2144,940
2145,941
2146,941
2147,941
2148,941
2149,941
2150,941
2151,941
2152,944
2153,945
2154,946
2155,946
2156,947
2157,947
2158,948
2159,948
2160,949
2161,949
2162,950
2163,950
2164,951
2165,951
2166,951
2167,952
2168,952
2169,952
2170,952
2171,953
2172,953
2173,954
2174,955
2175,955
2176,955
2177,955
2178,956
2179,956
2180,956
2181,957
2182,957
2183,957
2184,958
2185,959
2186,960
2187,960
2188,960
2189,960
2190,960
2191,961
2192,961
2193,962
2194,962
2195,962
2196,962
2197,962
2198,963
2199,963
2200,964
2201,964
2202,964
2203,964
2204,964
2205,964
2206,964
2207,964
2208,964
2209,964
2210,964
2211,964
2212,964
2213,964
2214,964
2215,965
2216,966
2217,966
2218,966
2219,967
2220,967
2221,967
2222,968
2223,968
2224,968
2225,969
2226,969
2227,970
2228,970
2229,971
2230,971
2231,971
2232,971
2233,972
2234,973
2235,973
2236,973
2237,973
2238,974
2239,976
2240,977
2241,978
2242,979
2243,981
2244,981
2245,982
2246,983
2247,983
2248,984
2249,984
2250,985
2251,986
2252,986
2253,986
2254,986
2255,987
2256,987
2257,987
2258,987
2259,987
2260,987
2261,987
2262,987
2263,987
2264,987
2265,987
2266,988
2267,988
2268,988
2269,988
2270,988
2271,988
2272,989
2273,989
2274,989
2275,989
2276,990
2277,990
2278,990
2279,990
2280,990
2281,990
2282,990
2283,990
2284,990
2285,991
2286,992
2287,992
2288,993
2289,993
2290,993
2291,994
2292,995
2293,995
2294,995
2295,995
2296,997
2297,997
2298,998
2299,999
2300,999
2301,999
2302,999
2303,999
2304,999
2305,999
2306,999
2307,999
2308,999
2309,999
2310,999
2311,1001
2312,1001
2313,1002
2314,1002
2315,1002
2316,1003
2317,1004
2318,1004
2319,1004
2320,1005
2321,1005
2322,1006
2323,1006
2324,1006
2325,1007
2326,1008
2327,1009
2328,1009
2329,1009
2330,1009
2331,1011
2332,1013
2333,1013
2334,1014
2335,1014
2336,1014
2337,1015
2338,1016
2339,1016
2340,1016
2341,1016
2342,1016
2343,1016
2344,1016
2345,1016
2346,1016
2347,1016
2348,1016
2349,1017
2350,1018
2351,1020
2352,1020
2353,1020
2354,1020
2355,1020
2356,1020
2357,1020
2358,1020
2359,1020
2360,1020
2361,1020
2362,1020
2363,1021
2364,1021
2365,1022
2366,1023
2367,1023
2368,1024
2369,1024
2370,1025
2371,1025
2372,1027
2373,1027
2374,1027
2375,1027
2376,1028
2377,1028
2378,1028
2379,1028
2380,1028
2381,1028
2382,1028
2383,1028
2384,1028
2385,1029
2386,1029
2387,1029
2388,1031
2389,1031
2390,1032
2391,1032
2392,1033
2393,1034
2394,1034
2395,1034
2396,1034
2397,1035
2398,1035
2399,1035
2400,1035
2401,1035
2402,1035
2403,1036
2404,1036
2405,1036
2406,1036
2407,1037
2408,1038
2409,1038
2410,1038
2411,1039
2412,1039
2413,1039
2414,1040
2415,1040
2416,1041
2417,1041
2418,1041
2419,1041
2420,1042
2421,1042
2422,1042
2423,1042
2424,1042
2425,1042
2426,1043
2427,1043
2428,1043
2429,1045
2430,1046
2431,1046
2432,1047
2433,1048
2434,1048
2435,1048
2436,1048
2437,1048
2438,1049
2439,1049
2440,1049
2441,1049
2442,1049
2443,1049
2444,1049
2445,1049
2446,1050
2447,1050
2448,1050
2449,1050
2450,1050
2451,1051
2452,1051
2453,1052
2454,1052
2455,1052
2456,1052
2457,1052
2458,1052
2459,1053
2460,1054
2461,1054
2462,1055
2463,1056
2464,1058
2465,1058
2466,1058
2467,1058
2468,1058
2469,1058
2470,1058
2471,1059
2472,1059
2473,1059
2474,1059
2475,1059
2476,1060
2477,1060
2478,1060
2479,1061
2480,1061
2481,1064
2482,1064
2483,1064
2484,1064
2485,1066
2486,1066
2487,1066
2488,1066
2489,1067
2490,1067
2491,1067
2492,1068
2493,1068
2494,1068
2495,1069
2496,1069
2497,1069
2498,1070
2499,1070
2500,1070
2501,1070
2502,1070
2503,1070
2504,1070
2505,1070
2506,1070
2507,1070
2508,1070
2509,1071
2510,1072
2511,1073
2512,1074
2513,1074
2514,1074
2515,1075
2516,1075
2517,1075
2518,1075
2519,1075
2520,1078
2521,1079
2522,1079
2523,1079
2524,1080
2525,1080
2526,1080
2527,1080
2528,1080
2529,1080
2530,1080
2531,1080
2532,1080
2533,1081
2534,1081
2535,1081
2536,1082
2537,1082
2538,1082
2539,1083
2540,1086
2541,1087
2542,1087
2543,1087
2544,1087
2545,1087
2546,1087
2547,1087
2548,1088
2549,1089
2550,1090
2551,1090
2552,1090
2553,1090
2554,1090
2555,1091
2556,1091
2557,1091
2558,1091
2559,1091
2560,1092
2561,1092
2562,1092
2563,1092
2564,1092
2565,1092
2566,1092
2567,1092
2568,1092
2569,1092
2570,1092
2571,1093
2572,1093
2573,1093
2574,1093
2575,1093
2576,1093
2577,1094
2578,1094
2579,1095
2580,1095
2581,1095
2582,1097
2583,1097
2584,1097
2585,1098
2586,1098
2587,1098
2588,1099
2589,1099
2590,1099
2591,1099
2592,1099
2593,1099
2594,1100
2595,1100
2596,1100
2597,1101
2598,1101
2599,1101
2600,1102
2601,1102
2602,1103
2603,1103
2604,1103
2605,1103
2606,1103
2607,1103
2608,1103
2609,1103
2610,1104
2611,1104
2612,1105
2613,1105
2614,1106
2615,1107
2616,1107
2617,1107
2618,1107
2619,1108
2620,1108
2621,1108
2622,1108
2623,1108
2624,1108
2625,1108
2626,1108
2627,1108
2628,1108
2629,1108
2630,1108
2631,1108
2632,1109
2633,1109
2634,1109
2635,1110
2636,1110
2637,1110
2638,1111
2639,1111
2640,1111
2641,1111
2642,1111
2643,1111
2644,1112
2645,1112
2646,1112
2647,1112
2648,1113
2649,1113
2650,1113
2651,1113
2652,1114
2653,1116
2654,1116
2655,1116
2656,1116
2657,1116
2658,1116
2659,1117
2660,1117
2661,1117
2662,1117
2663,1117
2664,1117
2665,1118
2666,1119
2667,1119
2668,1120
2669,1120
2670,1120
2671,1121
2672,1122
2673,1123
2674,1125
2675,1125
2676,1125
2677,1126
2678,1128
2679,1128
2680,1129
2681,1129
2682,1129
2683,1129
2684,1129
2685,1130
2686,1130
2687,1130
2688,1130
2689,1131
2690,1131
2691,1131
2692,1132
2693,1132
2694,1132
2695,1132
2696,1132
2697,1132
2698,1132
2699,1132
2700,1132
2701,1132
2702,1132
2703,1132
2704,1132
2705,1132
2706,1132
2707,1132
2708,1132
2709,1133
2710,1134
2711,1135
2712,1135
2713,1135
2714,1136
2715,1137
2716,1137
2717,1137
2718,1138
2719,1139
2720,1141
2721,1141
2722,1142
2723,1142
2724,1142
2725,1142
2726,1142
2727,1142
2728,1142
2729,1142
2730,1143
2731,1144
2732,1144
2733,1144
2734,1144
2735,1144
2736,1144
2737,1146
2738,1146
2739,1146
2740,1147
2741,1148
2742,1149
2743,1149
2744,1150
2745,1150
2746,1150
2747,1150
2748,1151
2749,1151
2750,1151
2751,1152
2752,1152
2753,1152
2754,1152
2755,1153
2756,1153
2757,1153
2758,1154
2759,1154
2760,1154
2761,1154
2762,1154
2763,1155
2764,1155
2765,1155
2766,1156
2767,1156
2768,1156
2769,1156
2770,1157
2771,1157
2772,1157
2773,1158
2774,1158
2775,1158
2776,1158
2777,1158
2778,1158
2779,1158
2780,1158
2781,1158
2782,1158
2783,1159
2784,1161
2785,1161
2786,1161
2787,1162
2788,1162
2789,1163
2790,1163
2791,1163
2792,1164
2793,1164
2794,1164
2795,1165
2796,1165
2797,1165
2798,1165
2799,1165
2800,1165
2801,1166
2802,1166
2803,1166
2804,1167
2805,1167
2806,1167
2807,1167
2808,1167
2809,1167
2810,1167
2811,1167
2812,1169
2813,1169
2814,1169
2815,1169
2816,1170
2817,1170
2818,1171
2819,1171
2820,1171
2821,1171
2822,1171
2823,1173
2824,1173
2825,1173
2826,1173
2827,1174
2828,1175
2829,1175
2830,1176
2831,1177
2832,1177
2833,1177
2834,1177
2835,1177
2836,1177
2837,1178
2838,1178
2839,1178
2840,1178
2841,1179
2842,1180
2843,1181
2844,1181
2845,1181
2846,1181
2847,1181
2848,1181
2849,1181
2850,1181
2851,1181
2852,1181
2853,1181
2854,1182
2855,1182
2856,1182
2857,1184
2858,1184
2859,1185
2860,1185
2861,1185
2862,1185
2863,1185
2864,1185
2865,1185
2866,1186
2867,1187
2868,1187
2869,1187
2870,1187
2871,1189
2872,1189
2873,1189
2874,1190
2875,1190
2876,1191
2877,1191
2878,1192
2879,1193
2880,1194
2881,1196
2882,1196
2883,1196
2884,1197
2885,1198
2886,1198
2887,1198
2888,1199
2889,1199
2890,1199
2891,1199
2892,1199
2893,1199
2894,1199
2895,1199
2896,1199
2897,1199
2898,1199
2899,1199
2900,1199
2901,1199
2902,1199
2903,1199
2904,1199
2905,1199
2906,1199
2907,1200
2908,1200
2909,1200
2910,1201
2911,1202
2912,1202
2913,1202
2914,1203
2915,1203
2916,1203
2917,1203
2918,1203
2919,1204
2920,1204
2921,1204
2922,1204
2923,1204
2924,1204
2925,1205
2926,1205
2927,1205
2928,1205
2929,1205
2930,1205
2931,1205
2932,1205
2933,1206
2934,1206
2935,1206
2936,1206
2937,1206
2938,1206
2939,1207
2940,1207
2941,1208
2942,1208
2943,1209
2944,1209
2945,1209
2946,1209
2947,1210
2948,1210
2949,1210
2950,1210
2951,1210
2952,1210
2953,1210
2954,1210
2955,1210
2956,1211
2957,1212
2958,1212
2959,1213
2960,1213
2961,1214
2962,1214
2963,1216
2964,1216
2965,1217
2966,1217
2967,1218
2968,1219
2969,1220
2970,1221
2971,1221
2972,1221
2973,1221
2974,1221
2975,1222
2976,1223
2977,1224
2978,1224
2979,1225
2980,1226
2981,1227
2982,1228
2983,1228
2984,1228
2985,1229
2986,1229
2987,1229
2988,1230
2989,1230
2990,1230
2991,1232
2992,1234
2993,1235
2994,1235
2995,1236
2996,1237
2997,1237
2998,1237
2999,1238
3000,1238
3001,1240
3002,1240
3003,1241
3004,1241
3005,1241
3006,1241
3007,1243
3008,1243
3009,1243
3010,1244
3011,1244
3012,1244
3013,1244
3014,1244
3015,1244
3016,1244
3017,1244
3018,1246
3019,1246
3020,1246
3021,1246
3022,1246
3023,1246
3024,1247
3025,1248
3026,1248
3027,1249
3028,1250
3029,1251
3030,1251
3031,1251
3032,1251
3033,1252
3034,1253
3035,1253
3036,1253
3037,1254
3038,1254
3039,1254
3040,1254
3041,1254
3042,1254
3043,1254
3044,1254
3045,1254
3046,1256
3047,1256
3048,1256
3049,1256
3050,1256
3051,1256
3052,1256
3053,1256
3054,1257
3055,1258
3056,1259
3057,1259
3058,1259
3059,1259
3060,1259
3061,1259
3062,1260
3063,1260
3064,1260
3065,1260
3066,1260
3067,1260
3068,1260
3069,1260
3070,1260
3071,1260
3072,1261
3073,1261
3074,1261
3075,1261
3076,1261
3077,1261
3078,1261
3079,1261
3080,1261
3081,1261
3082,1262
3083,1263
3084,1263
3085,1263
3086,1263
3087,1263
3088,1263
3089,1263
3090,1263
3091,1263
3092,1263
3093,1263
3094,1263
3095,1263
3096,1263
3097,1263
3098,1264
3099,1264
3100,1265
3101,1266
3102,1267
3103,1268
3104,1268
3105,1268
3106,1268
3107,1268
3108,1268
3109,1268
3110,1269
3111,1269
3112,1269
3113,1269
3114,1270
3115,1271
3116,1271
3117,1273
3118,1273
3119,1273
3120,1273
3121,1273
3122,1274
3123,1275
3124,1276
3125,1276
3126,1277
3127,1277
3128,1278
3129,1279
3130,1279
3131,1279
3132,1280
3133,1281
3134,1282
3135,1282
3136,1282
3137,1282
3138,1282
3139,1282
3140,1282
3141,1282
3142,1282
3143,1282
3144,1283
3145,1284
3146,1285
3147,1286
3148,1287
3149,1287
3150,1287
3151,1288
3152,1289
3153,1289
3154,1292
3155,1292
3156,1293
3157,1293
3158,1295
3159,1295
3160,1296
3161,1296
3162,1296
3163,1297
3164,1299
3165,1299
3166,1301
3167,1301
3168,1302
3169,1302
3170,1302
3171,1303
3172,1303
3173,1304
3174,1304
3175,1305
3176,1305
3177,1305
3178,1305
3179,1305
3180,1305
3181,1306
3182,1307
3183,1308
3184,1308
3185,1308
3186,1308
3187,1309
3188,1310
3189,1311
3190,1311
3191,1311
3192,1311
3193,1312
3194,1312
3195,1313
3196,1313
3197,1314
3198,1314
3199,1315
3200,1316
3201,1316
3202,1317
3203,1317
3204,1317
3205,1317
3206,1317
3207,1317
3208,1318
3209,1318
3210,1318
3211,1320
3212,1320
3213,1320
3214,1321
3215,1321
3216,1322
3217,1322
3218,1322
3219,1322
3220,1323
3221,1323
3222,1324
3223,1325
3224,1326
3225,1326
3226,1326
3227,1327
3228,1327
3229,1327
3230,1327
3231,1327
3232,1328
3233,1328
3234,1328
3235,1329
3236,1329
3237,1329
3238,1329
3239,1330
3240,1330
3241,1330
3242,1331
3243,1331
3244,1331
3245,1331
3246,1331
3247,1332
3248,1332
3249,1333
3250,1333
3251,1333
3252,1333
3253,1333
3254,1333
3255,1333
3256,1333
3257,1333
3258,1333
3259,1333
3260,1334
3261,1335
3262,1335
3263,1335
3264,1335
3265,1336
3266,1337
3267,1338
3268,1339
3269,1339
3270,1340
3271,1340
3272,1340
3273,1341
3274,1341
3275,1342
3276,1342
3277,1342
3278,1342
3279,1342
3280,1342
3281,1343
3282,1344
3283,1345
3284,1345
3285,1346
3286,1346
3287,1346
3288,1346
3289,1346
3290,1346
3291,1346
3292,1347
3293,1349
3294,1349
3295,1350
3296,1351
3297,1351
3298,1351
3299,1351
3300,1351
3301,1351
3302,1351
3303,1351
3304,1351
3305,1351
3306,1353
3307,1353
3308,1353
3309,1353
3310,1353
3311,1353
3312,1353
3313,1353
3314,1355
3315,1356
3316,1356
3317,1356
3318,1357
3319,1358
3320,1358
3321,1358
3322,1359
3323,1359
3324,1359
3325,1360
3326,1360
3327,1360
3328,1360
3329,1360
3330,1361
3331,1361
3332,1361
3333,1361
3334,1361
3335,1361
3336,1361
3337,1361
3338,1362
3339,1362
3340,1362
3341,1362
3342,1362
3343,1362
3344,1363
3345,1363
3346,1363
3347,1363
3348,1363
3349,1363
3350,1364
3351,1365
3352,1366
3353,1366
3354,1366
3355,1366
3356,1366
3357,1367
3358,1367
3359,1367
3360,1367
3361,1367
3362,1367
3363,1367
3364,1367
3365,1367
3366,1368
3367,1370
3368,1370
3369,1371
3370,1371
3371,1371
3372,1372
3373,1373
3374,1373
3375,1373
3376,1373
3377,1374
3378,1374
3379,1374
3380,1374
3381,1374
3382,1374
3383,1374
3384,1374
3385,1374
3386,1374
3387,1374
3388,1374
3389,1374
3390,1374
3391,1374
3392,1374
3393,1374
3394,1374
3395,1374
3396,1375
3397,1375
3398,1375
3399,1376
3400,1376
3401,1377
3402,1377
3403,1377
3404,1377
3405,1377
3406,1377
3407,1377
3408,1377
3409,1377
3410,1377
3411,1377
3412,1377
3413,1378
3414,1379
3415,1379
3416,1379
3417,1379
3418,1379
3419,1379
3420,1379
3421,1379
3422,1379
3423,1379
3424,1381
3425,1381
3426,1382
3427,1382
3428,1382
3429,1382
3430,1383
3431,1384
3432,1384
3433,1384
3434,1384
3435,1385
3436,1385
3437,1385
3438,1385
3439,1386
3440,1386
3441,1386
3442,1386
3443,1386
3444,1387
3445,1387
3446,1387
3447,1387
3448,1387
3449,1387
3450,1387
3451,1387
3452,1387
3453,1387
3454,1387
3455,1388
3456,1388
3457,1388
3458,1388
3459,1388
3460,1388
3461,1389
3462,1389
3463,1389
3464,1390
3465,1390
3466,1390
3467,1390
3468,1390
3469,1391
3470,1391
3471,1391
3472,1392
3473,1392
3474,1393
3475,1394
3476,1394
3477,1394
3478,1394
3479,1395
3480,1396
3481,1396
3482,1396
3483,1397
3484,1397
3485,1397
3486,1398
3487,1398
3488,1400
3489,1401
3490,1401
3491,1401
3492,1401
3493,1403
3494,1403
3495,1403
3496,1403
3497,1403
3498,1403
3499,1403
3500,1403
3501,1403
3502,1403
3503,1403
3504,1403
3505,1405
3506,1405
3507,1405
3508,1405
3509,1406
3510,1406
3511,1406
3512,1406
3513,1406
3514,1406
3515,1407
3516,1409
3517,1409
3518,1409
3519,1409
3520,1409
3521,1410
3522,1410
3523,1410
3524,1410
3525,1411
3526,1412
3527,1412
3528,1413
3529,1413
3530,1415
3531,1415
3532,1416
3533,1416
3534,1416
3535,1416
3536,1416
3537,1416
3538,1416
3539,1416
3540,1416
3541,1416
3542,1417
3543,1419
3544,1421
3545,1421
3546,1421
3547,1421
3548,1421
3549,1421
3550,1422
3551,1423
3552,1423
3553,1423
3554,1423
3555,1424
3556,1424
3557,1424
3558,1424
3559,1424
3560,1427
3561,1427
3562,1427
3563,1427
3564,1427
3565,1427
3566,1428
3567,1428
3568,1428
3569,1428
3570,1428
3571,1428
3572,1428
3573,1428
3574,1429
3575,1430
3576,1431
3577,1431
3578,1431
3579,1432
3580,1434
3581,1435
3582,1435
3583,1436
3584,1436
3585,1436
3586,1436
3587,1436
3588,1436
3589,1436
3590,1436
3591,1436
3592,1436
3593,1436
3594,1436
3595,1437
3596,1437
3597,1437
3598,1438
3599,1438
3600,1438
3601,1438
3602,1439
3603,1439
3604,1439
3605,1439
3606,1440
3607,1440
3608,1441
3609,1441
3610,1441
3611,1441
3612,1441
3613,1441
3614,1441
3615,1441
3616,1442
3617,1442
3618,1443
3619,1443
3620,1443
3621,1445
3622,1445
3623,1446
3624,1447
3625,1448
3626,1449
3627,1451
3628,1451
3629,1451
3630,1452
3631,1452
3632,1452
3633,1452
3634,1452
3635,1452
3636,1453
3637,1453
3638,1454
3639,1455
3640,1455
3641,1456
3642,1456
3643,1459
3644,1459
3645,1460
3646,1460
3647,1461
3648,1461
3649,1461
3650,1461
3651,1461
3652,1461
3653,1462
3654,1463
3655,1463
3656,1464
3657,1464
3658,1464
3659,1464
3660,1464
3661,1464
3662,1464
3663,1466
3664,1466
3665,1467
3666,1467
3667,1469
3668,1469
3669,1470
3670,1470
3671,1470
3672,1470
3673,1471
3674,1472
3675,1473
3676,1473
3677,1473
3678,1473
3679,1474
3680,1474
3681,1475
3682,1476
3683,1477
3684,1477
3685,1477
3686,1477
3687,1477
3688,1477
3689,1477
3690,1477
3691,1477
3692,1477
3693,1477
3694,1478
3695,1480
3696,1481
3697,1481
3698,1482
3699,1483
3700,1484
3701,1485
3702,1486
3703,1487
3704,1487
3705,1488
3706,1489
3707,1490
3708,1490
3709,1490
3710,1491
3711,1493
3712,1494
3713,1495
3714,1495
3715,1495
3716,1497
3717,1499
3718,1499
3719,1500
3720,1500
3721,1502
3722,1502
3723,1504
3724,1505
3725,1505
3726,1507
3727,1507
3728,1507
3729,1509
3730,1510
3731,1510
3732,1510
3733,1510
3734,1512
3735,1512
3736,1513
3737,1513
3738,1513
3739,1514
3740,1515
3741,1515
3742,1515
3743,1515
3744,1515
3745,1515
3746,1515
3747,1515
3748,1516
3749,1516
3750,1516
3751,1516
3752,1519
3753,1519
3754,1519
3755,1519
3756,1520
3757,1520
3758,1522
3759,1522
3760,1522
3761,1522
3762,1522
3763,1522
3764,1523
3765,1523
3766,1524
3767,1525
3768,1525
3769,1527
3770,1529
3771,1529
3772,1529
3773,1529
3774,1531
3775,1533
3776,1534
3777,1534
3778,1534
3779,1534
3780,1534
3781,1534
3782,1534
3783,1534
3784,1534
3785,1534
3786,1535
3787,1535
3788,1535
3789,1535
3790,1536
3791,1536
3792,1537
3793,1537
3794,1537
3795,1537
3796,1537
3797,1537
3798,1537
3799,1538
3800,1538
3801,1538
3802,1539
3803,1539
3804,1539
3805,1539
3806,1540
3807,1540
3808,1540
3809,1543
3810,1544
3811,1544
3812,1544
3813,1544
3814,1545
3815,1545
3816,1545
3817,1545
3818,1545
3819,1545
3820,1545
3821,1548
3822,1548
3823,1548
3824,1548
3825,1549
3826,1549
3827,1551
3828,1551
3829,1552
3830,1552
3831,1552
3832,1552
3833,1552
3834,1552
3835,1552
3836,1552
3837,1552
3838,1553
3839,1554
3840,1554
3841,1554
3842,1555
3843,1555
3844,1555
3845,1556
3846,1557
3847,1557
3848,1557
3849,1558
3850,1558
3851,1559
3852,1559
3853,1559
3854,1559
3855,1560
3856,1560
3857,1561
3858,1561
3859,1561
3860,1561
3861,1561
3862,1561
3863,1561
3864,1561
3865,1561
3866,1562
3867,1563
3868,1563
3869,1564
3870,1564
3871,1564
3872,1564
3873,1564
3874,1564
3875,1565
3876,1565
3877,1565
3878,1565
3879,1565
3880,1565
3881,1565
3882,1566
3883,1567
3884,1567
3885,1567
3886,1568
3887,1569
3888,1569
3889,1569
3890,1569
3891,1569
3892,1569
3893,1570
3894,1570
3895,1571
3896,1573
3897,1573
3898,1573
3899,1573
3900,1573
3901,1573
3902,1573
3903,1573
3904,1573
3905,1573
3906,1573
3907,1574
3908,1574
3909,1574
3910,1574
3911,1574
3912,1574
3913,1575
3914,1576
3915,1577
3916,1577
3917,1577
3918,1578
3919,1578
3920,1578
3921,1578
3922,1578
3923,1578
3924,1578
3925,1578
3926,1578
3927,1578
3928,1578
3929,1578
3930,1578
3931,1578
3932,1578
3933,1578
3934,1578
3935,1578
3936,1578
3937,1579
3938,1580
3939,1580
3940,1580
3941,1580
3942,1580
3943,1581
3944,1581
3945,1583
3946,1583
3947,1583
3948,1585
3949,1585
3950,1585
3951,1585
3952,1585
3953,1585
3954,1586
3955,1586
3956,1586
3957,1586
3958,1586
3959,1587
3960,1587
3961,1587
3962,1587
3963,1587
3964,1587
3965,1587
3966,1587
3967,1587
3968,1588
3969,1588
3970,1589
3971,1589
3972,1589
3973,1589
3974,1590
3975,1590
3976,1590
3977,1590
3978,1590
3979,1591
3980,1591
3981,1591
3982,1593
3983,1593
3984,1593
3985,1593
3986,1593
3987,1593
3988,1593
3989,1593
3990,1593
3991,1593
3992,1593
3993,1593
3994,1594
3995,1594
3996,1594
3997,1594
3998,1595
3999,1595
4000,1596
4001,1596
4002,1596
4003,1596
4004,1596
4005,1596
4006,1596
4007,1596
4008,1596
4009,1596
4010,1596
4011,1596
4012,1596
4013,1597
4014,1598
4015,1598
4016,1598
4017,1598
4018,1598
4019,1598
4020,1599
4021,1599
4022,1599
4023,1599
4024,1599
4025,1599
4026,1600
4027,1600
4028,1600
4029,1600
4030,1601
4031,1601
4032,1601
4033,1601
4034,1602
4035,1602
4036,1602
4037,1602
4038,1602
4039,1602
4040,1602
4041,1602
4042,1602
4043,1602
4044,1603
4045,1603
4046,1603
4047,1604
4048,1604
4049,1605
4050,1605
4051,1605
4052,1605
4053,1605
4054,1605
4055,1605
4056,1605
4057,1606
4058,1606
4059,1606
4060,1606
4061,1606
4062,1606
4063,1606
4064,1606
4065,1606
4066,1607
4067,1607
4068,1608
4069,1608
4070,1608
4071,1608
4072,1609
4073,1609
4074,1609
4075,1609
4076,1609
4077,1609
4078,1609
4079,1609
4080,1609
4081,1609
4082,1609
4083,1609
4084,1609
4085,1609
4086,1609
4087,1609
4088,1609
4089,1609
4090,1609
4091,1609
4092,1609
4093,1609
4094,1609
4095,1609
4096,1611
4097,1612
4098,1612
4099,1613
4100,1613
4101,1614
4102,1614
4103,1614
4104,1615
4105,1615
4106,1615
4107,1615
4108,1615
4109,1617
4110,1617
4111,1617
4112,1618
4113,1618
4114,1618
4115,1618
4116,1618
4117,1618
4118,1620
4119,1620
4120,1620
4121,1620
4122,1620
4123,1620
4124,1620
4125,1620
4126,1620
4127,1620
4128,1621
4129,1621
4130,1621
4131,1621
4132,1621
4133,1621
4134,1621
4135,1621
4136,1621
4137,1622
4138,1622
4139,1622
4140,1622
4141,1622
4142,1622
4143,1624
4144,1624
4145,1624
4146,1624
4147,1624
4148,1624
4149,1624
4150,1626
4151,1627
4152,1627
4153,1627
4154,1627
4155,1627
4156,1627
4157,1627
4158,1627
4159,1627
4160,1627
4161,1627
4162,1627
4163,1627
4164,1627
4165,1627
4166,1627
4167,1627
4168,1627
4169,1627
4170,1627
4171,1627
4172,1627
4173,1627
4174,1627
4175,1627
4176,1627
4177,1627
4178,1627
4179,1628
4180,1629
4181,1629
4182,1629
4183,1629
4184,1629
4185,1630
4186,1630
4187,1630
4188,1630
4189,1630
4190,1630
4191,1630
4192,1630
4193,1630
4194,1631
4195,1631
4196,1631
4197,1632
4198,1632
4199,1632
4200,1632
4201,1632
4202,1632
4203,1632
4204,1632
4205,1632
4206,1632
4207,1633
4208,1633
4209,1633
4210,1633
4211,1633
4212,1633
4213,1634
4214,1635
4215,1635
4216,1635
4217,1635
4218,1635
4219,1636
4220,1636
4221,1636
4222,1636
4223,1636
4224,1636
4225,1636
4226,1636
4227,1637
4228,1637
4229,1637
4230,1637
4231,1637
4232,1637
4233,1637
4234,1637
4235,1637
4236,1637
4237,1637
4238,1637
4239,1638
4240,1639
4241,1639
4242,1639
4243,1640
4244,1640
4245,1640
4246,1640
4247,1641
4248,1641
4249,1641
4250,1641
4251,1641
4252,1641
4253,1641
4254,1641
4255,1642
4256,1642
4257,1642
4258,1642
4259,1642
4260,1642
4261,1643
4262,1643
4263,1644
4264,1644
4265,1645
4266,1645
4267,1645
4268,1645
4269,1646
4270,1647
4271,1647
4272,1647
4273,1648
4274,1648
4275,1648
4276,1648
4277,1648
4278,1648
4279,1648
4280,1648
4281,1648
4282,1648
4283,1648
4284,1648
4285,1648
4286,1648
4287,1648
4288,1648
4289,1648
4290,1648
4291,1648
4292,1648
4293,1648
4294,1648
4295,1648
4296,1649
4297,1649
4298,1649
4299,1649
4300,1649
4301,1650
4302,1650
4303,1650
4304,1650
4305,1650
4306,1650
4307,1650
4308,1650
4309,1650
4310,1650
4311,1650
4312,1650
4313,1650
4314,1651
4315,1651
4316,1651
4317,1651
4318,1651
4319,1653
4320,1653
4321,1653
4322,1654
4323,1655
4324,1655
4325,1655
4326,1657
4327,1658
4328,1658
4329,1658
4330,1658
4331,1658
4332,1658
4333,1658
4334,1658
4335,1658
4336,1658
4337,1659
4338,1659
4339,1659
4340,1659
4341,1659
4342,1659
4343,1660
4344,1660
4345,1660
4346,1662
4347,1662
4348,1663
4349,1663
4350,1663
4351,1663
4352,1663
4353,1663
4354,1664
4355,1664
4356,1664
4357,1664
4358,1664
4359,1664
4360,1664
4361,1664
4362,1664
4363,1665
4364,1665
4365,1665
4366,1665
4367,1666
4368,1666
4369,1666
4370,1666
4371,1667
4372,1667
4373,1667
4374,1667
4375,1668
4376,1669
4377,1670
4378,1670
4379,1670
4380,1670
4381,1670
4382,1670
4383,1670
4384,1670
4385,1670
4386,1670
4387,1670
4388,1670
4389,1670
4390,1670
4391,1670
4392,1670
4393,1670
4394,1670
4395,1671
4396,1671
4397,1671
4398,1671
4399,1671
4400,1672
4401,1672
4402,1672
4403,1672
4404,1672
4405,1674
4406,1674
4407,1675
4408,1675
4409,1675
4410,1675
4411,1675
4412,1675
4413,1675
4414,1675
4415,1675
4416,1675
4417,1676
4418,1676
4419,1676
4420,1676
4421,1676
4422,1676
4423,1676
4424,1676
4425,1676
4426,1676
4427,1676
4428,1678
4429,1678
4430,1679
4431,1679
4432,1680
4433,1680
4434,1680
4435,1680
4436,1680
4437,1680
4438,1680
4439,1680
4440,1681
4441,1681
4442,1681
4443,1681
4444,1681
4445,1681
4446,1681
4447,1681
4448,1681
4449,1681
4450,1681
4451,1681
4452,1681
4453,1681
4454,1681
4455,1681
4456,1681
4457,1681
4458,1681
4459,1681
4460,1681
4461,1681
4462,1681
4463,1682
4464,1682
4465,1682
4466,1682
4467,1682
4468,1683
4469,1684
4470,1684
4471,1684
4472,1684
4473,1684
4474,1684
4475,1684
4476,1684
4477,1684
4478,1684
4479,1684
4480,1684
4481,1684
4482,1684
4483,1684
4484,1684
4485,1684
4486,1684
4487,1684
4488,1685
4489,1685
4490,1685
4491,1685
4492,1686
4493,1686
4494,1687
4495,1687
4496,1687
4497,1687
4498,1687
4499,1687
4500,1687
4501,1687
4502,1687
4503,1687
4504,1687
4505,1687
4506,1687
4507,1689
4508,1689
4509,1689
4510,1689
4511,1689
4512,1689
4513,1689
4514,1689
4515,1689
4516,1689
4517,1689
4518,1689
4519,1689
4520,1689
4521,1689
4522,1689
4523,1689
4524,1690
4525,1691
4526,1691
4527,1691
4528,1692
4529,1692
4530,1692
4531,1692
4532,1692
4533,1692
4534,1693
4535,1693
4536,1693
4537,1693
4538,1694
4539,1694
4540,1694
4541,1695
4542,1695
4543,1695
4544,1695
4545,1695
4546,1695
4547,1695
4548,1695
4549,1695
4550,1696
4551,1699
4552,1699
4553,1699
4554,1699
4555,1699
4556,1699
4557,1699
4558,1699
4559,1700
4560,1700
4561,1700
4562,1701
4563,1701
4564,1701
4565,1701
4566,1702
4567,1703
4568,1703
4569,1705
4570,1705
4571,1705
4572,1705
4573,1705
4574,1706
4575,1706
4576,1706
4577,1706
4578,1706
4579,1706
4580,1708
4581,1709
4582,1709
4583,1709
4584,1709
4585,1709
4586,1709
4587,1709
4588,1709
4589,1710
4590,1711
4591,1711
4592,1711
4593,1712
4594,1713
4595,1713
4596,1713
4597,1714
4598,1714
4599,1714
4600,1715
4601,1715
4602,1715
4603,1715
4604,1715
4605,1715
4606,1715
4607,1715
4608,1716
4609,1717
4610,1717
4611,1717
4612,1717
4613,1719
4614,1721
4615,1722
4616,1722
4617,1722
4618,1722
4619,1722
4620,1722
4621,1722
4622,1723
4623,1724
4624,1724
4625,1724
4626,1724
4627,1725
4628,1725
4629,1727
4630,1728
4631,1729
4632,1729
4633,1729
4634,1730
4635,1731
4636,1732
4637,1733
4638,1734
4639,1735
4640,1735
4641,1737
4642,1738
4643,1739
4644,1739
4645,1739
4646,1739
4647,1739
4648,1741
4649,1741
4650,1741
4651,1741
4652,1741
4653,1741
4654,1741
4655,1741
4656,1742
4657,1742
4658,1743
4659,1743
4660,1743
4661,1743
4662,1745
4663,1745
4664,1746
4665,1748
4666,1748
4667,1750
4668,1750
4669,1751
4670,1752
4671,1752
4672,1752
4673,1752
4674,1752
4675,1754
4676,1754
4677,1755
4678,1755
4679,1755
4680,1756
4681,1757
4682,1758
4683,1759
4684,1759
4685,1760
4686,1760
4687,1761
4688,1762
4689,1762
4690,1762
4691,1762
4692,1762
4693,1762
4694,1762
4695,1763
4696,1763
4697,1763
4698,1763
4699,1765
4700,1765
4701,1765
4702,1766
4703,1768
4704,1769
4705,1769
4706,1770
4707,1770
4708,1770
4709,1770
4710,1772
4711,1772
4712,1773
4713,1773
4714,1773
4715,1773
4716,1776
4717,1777
4718,1777
4719,1778
4720,1779
4721,1780
4722,1781
4723,1782
4724,1782
4725,1782
4726,1782
4727,1782
4728,1784
4729,1784
4730,1784
4731,1786
4732,1787
4733,1788
4734,1789
4735,1789
4736,1790
4737,1790
4738,1791
4739,1795
4740,1795
4741,1795
4742,1795
4743,1796
4744,1796
4745,1796
4746,1797
4747,1798
4748,1799
4749,1799
4750,1799
4751,1799
4752,1799
4753,1799
4754,1799
4755,1801
4756,1801
4757,1801
4758,1801
4759,1801
4760,1801
4761,1801
4762,1801
4763,1802
4764,1802
4765,1803
4766,1804
4767,1805
4768,1807
4769,1807
4770,1808
4771,1809
4772,1809
4773,1809
4774,1809
4775,1809
4776,1809
4777,1810
4778,1810
4779,1810
4780,1810
4781,1810
4782,1810
4783,1810
4784,1810
4785,1812
4786,1812
4787,1812
4788,1813
4789,1814
4790,1815
4791,1816
4792,1817
4793,1818
4794,1819
4795,1820
4796,1820
4797,1821
4798,1822
4799,1822
4800,1823
4801,1823
4802,1823
4803,1823
4804,1824
4805,1824
4806,1825
4807,1825
4808,1825
4809,1825
4810,1825
4811,1827
4812,1828
4813,1830
4814,1830
4815,1831
4816,1831
4817,1831
4818,1831
4819,1832
4820,1832
4821,1833
4822,1834
4823,1834
4824,1834
4825,1834
4826,1835
4827,1837
4828,1838
4829,1838
4830,1839
4831,1839
4832,1839
4833,1839
4834,1839
4835,1839
4836,1840
4837,1842
4838,1842
4839,1842
4840,1842
4841,1843
4842,1843
4843,1843
4844,1845
4845,1846
4846,1847
4847,1847
4848,1847
4849,1848
4850,1848
4851,1848
4852,1848
4853,1848
4854,1849
4855,1849
4856,1849
4857,1849
4858,1850
4859,1850
4860,1850
4861,1850
4862,1851
4863,1851
4864,1851
4865,1851
4866,1851
4867,1851
4868,1851
4869,1851
4870,1852
4871,1853
4872,1853
4873,1853
4874,1853
4875,1853
4876,1853
4877,1853
4878,1854
4879,1854
4880,1854
4881,1857
4882,1858
4883,1858
4884,1859
4885,1859
4886,1859
4887,1859
4888,1859
4889,1860
4890,1860
4891,1861
4892,1861
4893,1862
4894,1863
4895,1864
4896,1865
4897,1865
4898,1865
4899,1865
4900,1865
4901,1865
4902,1865
4903,1866
4904,1866
4905,1868
4906,1869
4907,1869
4908,1869
4909,1869
4910,1869
4911,1869
4912,1869
4913,1869
4914,1869
4915,1869
4916,1869
4917,1870
4918,1870
4919,1870
4920,1870
4921,1870
4922,1870
4923,1871
4924,1871
4925,1871
4926,1871
4927,1872
4928,1872
4929,1872
4930,1872
4931,1872
4932,1872
4933,1872
4934,1873
4935,1873
4936,1873
4937,1873
4938,1873
4939,1873
4940,1874
4941,1875
4942,1876
4943,1876
4944,1876
4945,1876
4946,1876
4947,1876
4948,1876
4949,1877
4950,1878
4951,1878
4952,1878
4953,1879
4954,1879
4955,1879
4956,1880
4957,1880
4958,1880
4959,1881
4960,1881
4961,1881
4962,1881
4963,1881
4964,1881
4965,1882
4966,1882
4967,1883
4968,1883
4969,1883
4970,1883
4971,1883
4972,1883
4973,1883
4974,1884
4975,1884
4976,1885
4977,1885
4978,1885
4979,1885
4980,1886
4981,1886
4982,1886
4983,1886
4984,1887
4985,1888
4986,1888
4987,1889
4988,1889
4989,1889
4990,1890
4991,1890
4992,1891
4993,1892
4994,1892
4995,1892
4996,1893
4997,1893
4998,1893
4999,1894
5000,1894
5001,1894
5002,1894
5003,1894
5004,1894
5005,1894
5006,1894
5007,1894
5008,1894
5009,1894
5010,1894
5011,1895
5012,1895
5013,1896
5014,1896
5015,1896
5016,1896
5017,1896
5018,1897
5019,1899
5020,1899
5021,1899
5022,1899
5023,1899
5024,1899
5025,1901
5026,1902
5027,1902
5028,1904
5029,1904
5030,1904
5031,1904
5032,1904
5033,1904
5034,1904
5035,1905
5036,1905
5037,1905
5038,1907
5039,1907
5040,1907
5041,1907
5042,1907
5043,1907
5044,1907
5045,1907
5046,1908
5047,1908
5048,1908
5049,1908
5050,1909
5051,1910
5052,1910
5053,1911
5054,1911
5055,1912
5056,1913
5057,1914
5058,1915
5059,1916
5060,1917
5061,1918
5062,1919
5063,1919
5064,1920
5065,1920
5066,1921
5067,1921
5068,1921
5069,1923
5070,1923
5071,1924
5072,1924
5073,1925
5074,1925
5075,1925
5076,1926
5077,1926
5078,1926
5079,1926
5080,1926
5081,1926
5082,1926
5083,1926
5084,1926
5085,1927
5086,1927
5087,1927
5088,1929
5089,1929
5090,1930
5091,1930
5092,1930
5093,1930
5094,1930
5095,1931
5096,1932
5097,1933
5098,1933
5099,1934
5100,1934
5101,1934
5102,1934
5103,1934
5104,1934
5105,1935
5106,1935
5107,1936
5108,1938
5109,1939
5110,1939
5111,1939
5112,1940
5113,1940
5114,1940
5115,1940
5116,1940
5117,1941
5118,1941
5119,1943
5120,1944
5121,1944
5122,1944
5123,1945
5124,1946
5125,1947
5126,1947
5127,1947
5128,1947
5129,1947
5130,1947
5131,1947
5132,1947
5133,1948
5134,1949
5135,1949
5136,1949
5137,1950
5138,1951
5139,1951
5140,1951
5141,1951
5142,1951
5143,1952
5144,1953
5145,1954
5146,1954
5147,1956
5148,1956
5149,1956
5150,1956
5151,1956
5152,1956
5153,1956
5154,1956
5155,1956
5156,1956
5157,1956
5158,1956
5159,1958
5160,1958
5161,1960
5162,1961
5163,1961
5164,1961
5165,1961
5166,1961
5167,1961
5168,1961
5169,1962
5170,1963
5171,1964
5172,1964
5173,1965
5174,1965
5175,1965
5176,1966
5177,1966
5178,1967
5179,1967
5180,1967
5181,1968
5182,1968
5183,1968
5184,1968
5185,1968
5186,1969
5187,1969
5188,1969
5189,1969
5190,1969
5191,1969
5192,1969
5193,1969
5194,1971
5195,1972
5196,1972
5197,1972
5198,1972
5199,1973
5200,1974
5201,1976
5202,1976
5203,1977
5204,1977
5205,1977
5206,1979
5207,1979
5208,1981
5209,1981
5210,1981
5211,1981
5212,1983
5213,1983
5214,1985
5215,1985
5216,1985
5217,1985
5218,1985
5219,1985
5220,1985
5221,1985
5222,1985
5223,1986
5224,1986
5225,1986
5226,1986
5227,1986
5228,1987
5229,1987
5230,1988
5231,1988
5232,1989
5233,1989
5234,1990
5235,1991
5236,1992
5237,1993
5238,1994
5239,1994
5240,1994
5241,1996
5242,1996
5243,1996
5244,1996
5245,1996
5246,1997
5247,1997
5248,1997
5249,1997
5250,1997
5251,1998
5252,1998
5253,1998
5254,1999
5255,1999
5256,2000
5257,2001
5258,2001
5259,2001
5260,2002
5261,2003
5262,2004
5263,2004
5264,2004
5265,2004
5266,2006
5267,2006
5268,2007
5269,2008
5270,2008
5271,2009
5272,2009
5273,2009
5274,2009
5275,2009
5276,2010
5277,2011
5278,2011
5279,2012
5280,2012
5281,2012
5282,2013
5283,2013
5284,2014
5285,2014
5286,2014
5287,2015
5288,2015
5289,2016
5290,2016
5291,2016
5292,2016
5293,2018
5294,2018
5295,2019
5296,2020
5297,2020
5298,2021
5299,2022
5300,2022
5301,2022
5302,2023
5303,2023
5304,2023
5305,2025
5306,2026
5307,2026
5308,2026
5309,2026
5310,2026
5311,2027
5312,2027
5313,2027
5314,2027
5315,2027
5316,2027
5317,2027
5318,2028
5319,2029
5320,2029
5321,2029
5322,2029
5323,2030
5324,2031
5325,2031
5326,2031
5327,2032
5328,2032
5329,2032
5330,2032
5331,2032
5332,2033
5333,2033
5334,2033
5335,2033
5336,2033
5337,2034
5338,2034
5339,2034
5340,2034
5341,2034
5342,2036
5343,2037
5344,2037
5345,2038
5346,2038
5347,2039
5348,2040
5349,2040
5350,2040
5351,2040
5352,2040
5353,2040
5354,2040
5355,2040
5356,2040
5357,2040
5358,2041
5359,2041
5360,2041
5361,2041
5362,2041
5363,2042
5364,2042
5365,2042
5366,2042
5367,2042
5368,2043
5369,2044
5370,2044
5371,2044
5372,2044
5373,2044
5374,2045
5375,2045
5376,2045
5377,2045
5378,2045
5379,2045
5380,2045
5381,2045
5382,2045
5383,2045
5384,2046
5385,2046
5386,2046
5387,2046
5388,2046
5389,2046
5390,2047
5391,2047
5392,2047
5393,2047
5394,2047
5395,2047
5396,2048
5397,2048
5398,2048
5399,2048
5400,2049
5401,2049
5402,2050
5403,2050
5404,2051
5405,2051
5406,2052
5407,2052
5408,2052
5409,2052
5410,2052
5411,2052
5412,2052
5413,2052
5414,2052
5415,2053
5416,2053
5417,2053
5418,2053
5419,2053
5420,2053
5421,2054
5422,2054
5423,2054
5424,2054
5425,2055
5426,2055
5427,2055
5428,2055
5429,2055
5430,2055
5431,2056
5432,2056
5433,2057
5434,2057
5435,2057
5436,2057
5437,2057
5438,2057
5439,2057
5440,2057
5441,2057
5442,2057
5443,2057
5444,2057
5445,2057
5446,2057
5447,2057
5448,2057
5449,2058
5450,2059
5451,2060
5452,2060
5453,2060
5454,2061
5455,2061
5456,2061
5457,2061
5458,2063
5459,2065
5460,2066
5461,2066
5462,2066
5463,2067
5464,2067
5465,2067
5466,2067
5467,2067
5468,2067
5469,2067
5470,2068
5471,2068
5472,2069
5473,2069
5474,2069
5475,2070
5476,2070
5477,2071
5478,2071
5479,2072
5480,2074
5481,2074
5482,2075
5483,2075
5484,2075
5485,2076
5486,2076
5487,2076
5488,2076
5489,2076
5490,2076
5491,2076
5492,2077
5493,2077
5494,2078
5495,2078
5496,2078
5497,2078
5498,2079
5499,2080
5500,2080
5501,2080
5502,2081
5503,2081
5504,2081
5505,2082
5506,2082
5507,2083
5508,2083
5509,2083
5510,2086
5511,2087
5512,2087
5513,2087
5514,2088
5515,2089
5516,2090
5517,2090
5518,2091
5519,2091
5520,2091
5521,2091
5522,2092
5523,2092
5524,2092
5525,2094
5526,2095
5527,2095
5528,2095
5529,2096
5530,2096
5531,2097
5532,2099
5533,2100
5534,2100
5535,2101
5536,2101
5537,2102
5538,2103
5539,2103
5540,2103
5541,2103
5542,2104
5543,2105
5544,2105
5545,2107
5546,2107
5547,2108
5548,2108
5549,2108
5550,2108
5551,2108
5552,2109
5553,2109
5554,2109
5555,2109
5556,2110
5557,2111
5558,2112
5559,2112
5560,2112
5561,2112
5562,2113
5563,2113
5564,2114
5565,2116
5566,2116
5567,2116
5568,2116
5569,2118
5570,2118
5571,2119
5572,2119
5573,2119
5574,2119
5575,2119
5576,2119
5577,2119
5578,2121
5579,2121
5580,2121
5581,2121
5582,2121
5583,2121
5584,2122
5585,2122
5586,2122
5587,2122
5588,2122
5589,2122
5590,2123
5591,2123
5592,2123
5593,2123
5594,2123
5595,2123
5596,2123
5597,2123
5598,2123
5599,2124
5600,2124
5601,2124
5602,2124
5603,2124
5604,2125
5605,2125
5606,2126
5607,2126
5608,2126
5609,2126
5610,2126
5611,2127
5612,2127
5613,2127
5614,2128
5615,2128
5616,2128
5617,2128
5618,2129
5619,2129
5620,2131
5621,2132
5622,2132
5623,2132
5624,2133
5625,2133
5626,2133
5627,2133
5628,2134
5629,2134
5630,2134
5631,2134
5632,2134
5633,2135
5634,2136
5635,2136
5636,2137
5637,2137
5638,2137
5639,2138
5640,2138
5641,2139
5642,2139
5643,2139
5644,2140
5645,2141
5646,2141
5647,2141
5648,2141
5649,2141
5650,2141
5651,2141
5652,2142
5653,2142
5654,2143
5655,2143
5656,2143
5657,2143
5658,2143
5659,2145
5660,2145
5661,2146
5662,2147
5663,2147
5664,2147
5665,2147
5666,2148
5667,2148
5668,2149
5669,2150
5670,2151
5671,2151
5672,2153
5673,2153
5674,2154
5675,2155
5676,2155
5677,2155
5678,2156
5679,2156
5680,2157
5681,2157
5682,2157
5683,2158
5684,2159
5685,2160
5686,2161
5687,2161
5688,2161
5689,2162
5690,2162
5691,2162
5692,2163
5693,2163
5694,2164
5695,2164
5696,2164
5697,2165
5698,2165
5699,2166
5700,2166
5701,2167
5702,2167
5703,2167
5704,2167
5705,2168
5706,2169
5707,2169
5708,2170
5709,2170
5710,2171
5711,2173
5712,2173
5713,2173
5714,2173
5715,2173
5716,2173
5717,2173
5718,2173
5719,2174
5720,2174
5721,2175
5722,2175
5723,2175
5724,2176
5725,2176
5726,2178
5727,2179
5728,2179
5729,2179
5730,2179
5731,2179
5732,2179
5733,2179
5734,2180
5735,2180
5736,2180
5737,2181
5738,2181
5739,2182
5740,2183
5741,2184
5742,2184
5743,2184
5744,2184
5745,2185
5746,2185
5747,2185
5748,2185
5749,2185
5750,2185
5751,2186
5752,2186
5753,2187
5754,2188
5755,2190
5756,2191
5757,2192
5758,2192
5759,2193
5760,2195
5761,2195
5762,2196
5763,2196
5764,2196
5765,2197
5766,2197
5767,2198
5768,2199
5769,2200
5770,2201
5771,2201
5772,2201
5773,2201
5774,2201
5775,2201
5776,2201
5777,2201
5778,2201
5779,2201
5780,2201
5781,2201
5782,2201
5783,2202
5784,2202
5785,2202
5786,2202
5787,2202
5788,2202
5789,2202
5790,2202
5791,2202
5792,2202
5793,2202
5794,2202
5795,2203
5796,2203
5797,2204
5798,2205
5799,2205
5800,2205
5801,2207
5802,2207
5803,2207
5804,2207
5805,2207
5806,2207
5807,2208
5808,2209
5809,2209
5810,2209
5811,2209
5812,2209
5813,2209
5814,2209
5815,2209
5816,2209
5817,2209
5818,2209
5819,2209
5820,2209
5821,2209
5822,2209
5823,2209
5824,2209
5825,2209
5826,2209
5827,2209
5828,2210
5829,2210
5830,2210
5831,2210
5832,2211
5833,2211
5834,2211
5835,2211
5836,2211
5837,2211
5838,2211
5839,2211
5840,2211
5841,2211
5842,2211
5843,2211
5844,2211
5845,2211
5846,2212
5847,2213
5848,2213
5849,2213
5850,2213
5851,2214
5852,2214
5853,2214
5854,2214
5855,2214
5856,2215
5857,2216
5858,2216
5859,2216
5860,2216
5861,2216
5862,2216
5863,2216
5864,2217
5865,2217
5866,2217
5867,2217
5868,2217
5869,2218
5870,2218
5871,2219
5872,2219
5873,2220
5874,2220
5875,2222
5876,2223
5877,2223
5878,2223
5879,2223
5880,2224
5881,2225
5882,2225
5883,2225
5884,2226
5885,2227
5886,2227
5887,2227
5888,2228
5889,2229
5890,2229
5891,2229
5892,2230
5893,2230
5894,2230
5895,2230
5896,2230
5897,2230
5898,2230
5899,2230
5900,2230
5901,2230
5902,2230
5903,2230
5904,2230
5905,2230
5906,2230
5907,2231
5908,2231
5909,2232
5910,2232
5911,2232
5912,2233
5913,2233
5914,2233
5915,2234
5916,2234
5917,2234
5918,2234
5919,2235
5920,2236
5921,2236
5922,2236
5923,2236
5924,2237
5925,2237
5926,2238
5927,2239
5928,2239
5929,2239
5930,2240
5931,2240
5932,2240
5933,2240
5934,2240
5935,2240
5936,2240
5937,2240
5938,2240
5939,2241
5940,2241
5941,2241
5942,2242
5943,2244
5944,2244
5945,2244
5946,2244
5947,2244
5948,2245
5949,2245
5950,2245
5951,2245
5952,2245
5953,2245
5954,2246
5955,2246
5956,2247
5957,2247
5958,2247
5959,2248
5960,2248
5961,2248
5962,2248
5963,2249
5964,2251
5965,2252
5966,2252
5967,2254
5968,2254
5969,2254
5970,2254
5971,2254
5972,2255
5973,2255
5974,2255
5975,2255
5976,2255
5977,2255
5978,2255
5979,2255
5980,2255
5981,2255
5982,2256
5983,2256
5984,2257
5985,2257
5986,2257
5987,2257
5988,2257
5989,2257
5990,2257
5991,2257
5992,2257
5993,2257
5994,2258
5995,2258
5996,2260
5997,2260
5998,2262
5999,2262
6000,2262
6001,2263
6002,2264
6003,2264
6004,2265
6005,2266
6006,2266
6007,2266
6008,2267
6009,2267
6010,2269
6011,2269
6012,2269
6013,2269
6014,2269
6015,2269
6016,2270
6017,2270
6018,2270
6019,2270
6020,2270
6021,2270
6022,2270
6023,2270
6024,2270
6025,2270
6026,2271
6027,2272
6028,2272
6029,2272
6030,2272
6031,2274
6032,2274
6033,2274
6034,2274
6035,2274
6036,2274
6037,2274
6038,2274
6039,2275
6040,2275
6041,2275
6042,2275
6043,2276
6044,2276
6045,2276
6046,2276
6047,2276
6048,2278
6049,2278
6050,2279
6051,2279
6052,2279
6053,2280
6054,2280
6055,2282
6056,2283
6057,2283
6058,2283
6059,2283
6060,2284
6061,2284
6062,2285
6063,2287
6064,2287
6065,2288
6066,2288
6067,2288
6068,2290
6069,2291
6070,2291
6071,2291
6072,2291
6073,2291
6074,2293
6075,2293
6076,2293
6077,2293
6078,2294
6079,2295
6080,2295
6081,2295
6082,2295
6083,2296
6084,2296
6085,2296
6086,2296
6087,2296
6088,2296
6089,2296
6090,2296
6091,2297
6092,2299
6093,2299
6094,2300
6095,2300
6096,2301
6097,2301
6098,2301
6099,2301
6100,2301
6101,2301
6102,2301
6103,2301
6104,2302
6105,2302
6106,2302
6107,2302
6108,2303
6109,2303
6110,2303
6111,2303
6112,2304
6113,2304
6114,2304
6115,2304
6116,2305
6117,2305
6118,2305
6119,2305
6120,2305
6121,2306
6122,2307
6123,2308
6124,2308
6125,2309
6126,2309
6127,2309
6128,2309
6129,2309
6130,2309
6131,2309
6132,2309
6133,2309
6134,2309
6135,2309
6136,2309
6137,2309
6138,2309
6139,2310
6140,2310
6141,2310